Amostra_0_Retornos_Log;Amostra_1_Retornos_Log;Amostra_2_Retornos_Log;Amostra_3_Retornos_Log;Amostra_4_Retornos_Log;Amostra_5_Retornos_Log;Amostra_6_Retornos_Log;Amostra_7_Retornos_Log;Amostra_8_Retornos_Log;Amostra_9_Retornos_Log
-0.005965096733454725;0.017641963436014894;-0.02639830722913097;0.0035972226731565485;0.009123369470727895;-0.0028495643130830558;0.016277872333264286;-0.01085482265473645;0.0008928927413078588;-0.01703865718782372
0.0021692268015599107;0.013362743223570464;0.005495240118866695;0.001989000210564459;0.003949631974852228;0.05985328685107298;0.007944114827438281;-0.006274548730562212;0.0017043966163116828;0.002642940865085639
-0.003642498830876594;0.010668455251147228;0.0039330445860235;-0.003944052092428481;0.0008311754894010408;-0.021120348129123355;-0.0034903277122235593;-0.0031881248434573483;-0.004623409023349786;-0.004616425696750242
0.0010629671207449966;0.0017618400027480169;0.005952314558928008;0.0022227999832435783;-0.01103891436721742;0.0;0.0;-0.020047935903727648;-0.002482022815821929;0.00726897341101497
-0.009450029107826063;0.0010559371323150219;0.005104022810814825;0.024493081818064994;-0.01672310266368207;0.010320713689873072;-0.006566344370749478;-0.009532628517436723;-0.0018094718768833166;0.0016460541242775096
-0.00667121798958299;-0.0058050882235903415;-0.005691482284162116;-0.01567895995452529;0.01069299337977929;0.011770338570038511;9.837149819225605e-05;0.014289830121328504;-0.005576677478445647;-0.00663606925685393
-0.0008244383336077758;-0.00017502002133455065;0.003909038834419595;0.0022066937823251313;0.011029154625918596;0.0039384574816221825;0.027040154551550812;0.0005263755310557499;-0.0037549214300886184;-0.006564427450989803
-0.0011659890756575296;-0.010286891072976905;0.005125246967511061;0.014311439905113743;-0.004207173704268194;-0.004158010336444041;0.010746005176556623;-0.0004764082875619749;0.0005055732331729868;0.001632936221352785
-0.005195563655222792;0.021696589947805933;0.0018395318777775116;0.014928264087179254;-0.003940604291615195;-0.02605049694144291;-0.03215394407261716;-0.004562987352052537;-0.010842161906557042;-0.006842240636497759
0.016723500375691595;0.004973726593902527;0.0054291897866600245;-0.009137026476737765;-0.010027927746514804;-0.009056848527134398;0.011449471243378424;-0.0020283516671578223;-0.005059651102018236;0.0011206637778090325
-0.000981875787396953;0.016777164931772552;0.03311854710417426;-0.0059842262769460135;-0.001822565970907506;0.0028107735916694018;0.0055441709918441495;-0.009008574053461386;0.018133476222125713;-0.009133340093651687
-0.01126252773885784;0.019043730551005375;0.010290329708834804;-0.003944009444121008;-0.03571071989416556;0.0010120663905102876;-0.004453618761581564;0.002651605300046998;0.019766267944229622;-0.003977142935691138
0.0007450532816232804;-0.00027537055457570745;0.002236799066823969;-0.0010041547144833125;-0.00362055189754073;0.006684316051336944;-0.022355794836254834;0.0028332295077348312;0.004556593268642914;0.0028034546161576166
0.01425721647543682;0.016159163808886153;0.0022335832657788615;0.010754542478850852;0.028921686100923584;0.015807992656075055;-0.010295670870236143;0.01748069096573614;0.0036514321908153536;0.004882638292810129
0.006005257220822224;-0.007886869735024277;-0.004446066355870593;0.0022312099289878993;0.005161109255654806;0.004094358287116534;0.006324432132495991;-0.012411847582378647;0.00648524101764069;0.008463777750474525
-0.009117573205940291;-0.00506195919018038;-0.016521241372710976;-0.0019794128737363444;0.003932269917915363;-0.00746296482876726;0.00498323938582783;-0.10464228826454652;0.0044628046842355145;0.008047870517816181
-0.004451746931782711;0.027525356084605622;-0.0039680100593731706;-0.009041036366589407;-0.001004397121511517;0.000831760157345775;0.001149761180758386;-0.010891054811659355;0.003546915963953271;-0.00046701425914568996
0.00045080275507611945;0.0;0.012765495012209018;-0.01118533613585175;0.0030674058459734563;0.0008473175143816816;-0.00047729150381099143;0.03735607256656217;0.0063448553704323445;-0.0034679850657304712
-0.0044465297825802795;0.010763976976567871;0.0020630070190811698;-0.06532867456130492;0.0027534588440444614;-0.0004432091164876942;0.002068911903663989;-0.09611261512720311;-0.009817582420305837;0.0015328982415721468
-0.005044477097210217;-0.027293781804326164;-0.007016429470509225;0.011931540573959992;0.00027992725355076124;-0.025460930578029457;0.007262494341094481;-0.00656723614093665;-0.010739534730150962;0.005108201961722956
0.01291032368632982;0.0026519006142464428;0.01226452809819018;-0.004160587241225616;-0.003131231987955266;-0.005889547802350212;-0.003944144019278513;-0.008105128528144436;-0.007069421718966505;0.003406188111858707
0.026951578932587934;0.009503326847474389;0.0027797774472349025;-0.003223576776324498;0.003961412924666738;0.0;0.0008201636605063148;0.005185521554856104;0.004615082137819821;0.005329968405913672
0.00020267225127879054;-0.0014019689009539672;0.016757964667993393;0.012976023920899459;0.006854596256013326;-0.0008087693491216759;-0.003750073722210618;-0.009123497501291052;-0.013897117796349863;0.00014957990101433812
0.002263686930913002;0.002569260544146144;0.0244822377376701;0.00019511622747018066;-0.015164768794614715;0.0017866699077574392;0.00044911171753381495;-0.010295710529942667;-0.0035028881078149657;0.005104885971986259
0.002852920832643085;-0.004607246231509477;0.007642434137830775;0.0046917073554399065;-0.006447886475437793;0.020704145884327934;0.009329780718990325;0.0031491411237564147;0.001732605171619332;-0.0016602235055937459
0.004520387738488583;-0.008132367390809095;0.0;0.0011061650692696702;-0.015683455223021222;-0.005109076037175153;0.0;0.00312011661344895;-0.004162306424849132;-0.014867312288898938
0.006691807347492516;-0.004250587417630741;-0.009067369958563366;0.003862382026938667;0.0009869751865128203;0.0035964212922855203;-0.005078760749380321;-0.006597551805229884;0.01157565683897788;0.008650232879867633
-0.009547074917119903;0.0036833079337035826;-0.00667252951331836;0.0028537131318860727;0.0004976882693519826;-0.007143331148551856;-0.007779589307671283;0.0027379662322474215;-0.0034865302934241334;0.0038783329769155983
0.0035958077346177624;-0.004527789438372129;0.008525422746129137;0.0050741292661411535;-0.011180842657258667;-0.020048151934808623;-0.0002150664975258729;0.003631308714821702;0.009400264619553775;0.006386129196747473
-0.012953630632280557;-0.009105066378570698;-0.0029701883428445933;0.05654873094002185;-0.014493154986105466;-0.00028425743073437075;-0.0009191347879913703;0.010231558430353992;-0.004462534905340263;-0.00032725583827520146
-0.017062630235842802;0.003320423704180662;-0.008996605005080214;0.007551296523228051;-0.0024765798124319408;-0.0047415705970517644;-0.008940362960032174;-0.00018396835254951487;-0.01853671361891931;-0.006857172310401858
0.01578386594531684;0.004218546015074195;-0.0069496312367364615;-0.01651574714989284;0.015033780497167634;-0.004170649280619294;-0.02176787445906754;-0.012491717368951457;-0.011109612109594892;-0.022698502517927707
0.0011737473546653899;-0.0027562528434099303;-0.008094034551969992;0.007725181649046341;0.009069242863810853;0.010573895165007806;0.0021490616552645885;0.005181164432775649;0.012322758379919939;-0.004136228633836588
0.0004517308626906601;0.01068537037565527;-0.006273506209493948;0.0028298907697950682;-0.0004942013257336477;0.016001583180602557;-0.003475144706629543;0.004414341379921037;-0.007164250710487034;0.008679805254356217
-0.008099112910672097;-0.016642260504811286;0.007660610747906648;-0.00046920214266675726;-0.003456764709853198;-0.0026743264263126257;-0.0004744819378378077;0.01315614234120591;0.01434229864474194;-0.008961404184974243
0.0;0.0028299982035729456;-0.0009113763733121647;0.003594301738695734;0.00047593681482740357;-0.00011041242199897332;0.013154540933903502;-0.01355774587711021;-0.00040672123763982825;-0.00577816141248242
0.004715619679674469;-0.0010010817558366565;-0.013572344466359522;-0.002141435311503451;0.004880701988638784;-0.0002924751692782961;-0.005988857210203395;-0.013539936061584101;-0.0051069454480504655;-0.005049840245685759
0.003908810962590252;0.0008329951112849594;0.011844468148496295;-0.011561680601059105;0.0011128585369692913;-0.008092271969228508;-0.000491660113334846;0.003949935155835218;0.01594382602314095;-0.00902024225961961
-0.0034744856289244033;0.012085755355177514;-0.0018276689700786098;0.0420132129728367;0.010669877999581526;-0.010896230902011675;-0.010016940728806767;0.0002776945894668555;0.0031540263259909815;-0.010210872145158286
0.01055466023413031;-0.004899423545714182;0.008627738670955336;0.006334421261204315;0.012391211698129508;0.006320093069355285;0.0004765689584564799;0.00045071945846522133;-0.0005047439814797589;-0.0047158559440039225
0.007943772913596494;0.00488786813843398;-0.014569938746992861;-0.008928620725997581;0.02804367941233478;0.010501962163812514;0.009103017485241942;-0.006916611267212328;-0.003299960786348455;0.012406672676504188
-0.0031285398496816927;0.000927255128895877;0.004414152385323413;-9.174669083402113e-05;0.00101416288612129;0.006714812296032431;0.0015776243420416182;0.000184591279324141;0.02098180489518476;0.003956596830652847
-0.014829762390116668;0.0;-0.011177844312438763;-0.0065679656834806595;0.0017329670066683525;-0.015123624371637893;-0.009076365810142184;0.003940632771248644;-0.004916182681265555;0.009249183103422036
0.0;0.0;-0.003586569147098322;0.012323647444424478;-0.0020409743560272477;-0.0036776902616811194;-0.018575976588023284;0.002832478158089613;-0.025714454588558318;-0.0010041112022457575
-0.008995369290449163;-0.006553345908960898;0.009042727800374269;0.0016416275984188862;-0.017377340836422516;-0.009593356669588184;0.010249795370864208;-0.008257010311517661;0.0033670159294120735;0.00204879276189614
0.0;-0.0034882171107921594;-0.0003938600461480095;0.0010181381288408133;0.009260450829502156;0.0005350937118587444;0.009252623405674544;-0.00685870140509579;0.0013052843157475038;0.011448891727915904
0.01402454112006181;-0.0109051143698103;-9.014344163923693e-05;0.010267200745332212;-0.016722816872788208;-0.01768089368993677;0.001724854068381562;-0.0012665921976397906;-0.00619825382852774;0.006655085182317956
0.010477869848117634;0.004601665391364536;-0.0033928747497949134;-0.010508088373289315;0.00475238544919266;-0.02884750064150546;-0.005225141792491546;0.008469224441358664;-0.006374839789102727;0.010256330075060055
-0.01095256016606631;-0.004126585325698271;-0.006206357560234961;0.008437514919804167;-0.00010513820813278509;-0.010312557993103018;0.001924976673696467;-0.01250134122804763;-0.0025296570712276924;0.0039403705778767555
-0.025835371832922064;-0.011011564672001739;-0.10245905384724828;-0.006049206669595629;0.01133034357437801;0.0016683490495459968;0.012368441242489923;0.005376497885725005;0.01416389721319068;0.004650779583481056
0.015920232146014294;0.01568687734208797;-0.0020527362781082212;0.005183795658040489;-0.005713187639419317;-0.0032309341698062116;0.011462111826681977;0.02573275400448157;-0.01335642413150016;-0.003398675060951314
-0.10161432360268931;0.008456194892474555;0.00034114845150703363;0.0008430400745449481;0.013143302732467915;0.007721673862343518;-0.00023209045586664514;-0.009498890345704817;0.009480415730923161;-0.012604252199629943
0.007874723649566713;0.004718268559870698;0.008679108602712083;0.0106936193974969;0.007612741119421069;-9.17600318162319e-05;0.000846038354220343;0.013060656781710709;0.00924156450224454;-0.005112815813256282
0.005977252520002364;-0.0028196687829795644;9.918986926080883e-05;-0.005400807300120257;-0.010294326346451934;-0.0026374199361437487;0.0008322413798111846;-0.006500420130204467;0.009057360922473294;0.01140676448500116
-0.011183561671675812;-0.0016293205325997881;0.007649069055561088;0.0;-0.01993320545678814;-0.009513041526951314;0.02457047742402819;0.0005447226079487095;-0.007377578542130209;0.005365012968004634
0.02472971358092961;-0.009524821605616516;-0.10107421590765137;0.00957666679819831;0.0;-0.004266838734645669;0.006329176954413113;0.005965229809815721;0.0039047990110928567;-0.005698906549155459
-0.003376623384008032;0.004833414663479682;-0.006229018643689087;-0.003957489175108215;0.00471608535728355;-0.01109816871634521;-0.0002049974695136352;-0.004255597969373984;-0.0050288988061162445;-0.01116715334119921
-0.012831292418762462;0.007877465112426449;-0.025432747116546587;-0.027615103162124;0.011480150453995936;0.0031857699999383524;0.006589814063525387;-0.00012458618504609958;-0.005530777287595486;0.006530777200857316
0.017976405648996937;-0.0034942369731290894;0.04163989287411146;-0.010281822069616678;0.004571129871120546;0.011007247089055368;9.528602510545138e-05;0.006875805987374925;4.171042655154467e-05;0.006339663207046049
-0.0008245326851368638;0.016407005568240277;-0.005105585377116092;0.003587089369459224;-0.025754177361379936;-0.00020722289474613264;0.01141008145275594;0.006288834054921191;-0.0004055719356158711;-0.008087424627698818
0.009064863590775685;0.013681055797305072;-9.395336531277208e-05;0.0015302176570015944;0.003528265815437588;-0.0070625492936537485;-0.0011643824275804444;-0.0016307437724924446;0.02633310340553156;0.006149385002423715
0.01681243434043492;0.01691154845982896;-0.006387469691021824;-0.010277808767743883;0.016598478472369917;-0.006290965780077629;0.008999853497388032;0.007289656900988132;0.0026674583851016022;0.0028531214919144416
0.012397981709614488;0.006851247241711241;0.0;0.000947077198655771;0.000202684068446794;-0.013616021641456007;0.0004509056112778569;-0.004048831132810166;-0.009497190944233784;0.0173053193704785
-0.004468625278876658;0.01749318655111253;0.016743473602137612;-0.0385331125647829;0.013211652094104012;-0.0016454541284536138;0.015666440504139678;0.005271857894503555;-0.006856662265189958;-0.006675202929334542
0.0021635424262122904;-0.02987886248546275;0.013361679259914007;0.007698991237469687;-0.009068601528354635;-0.004167102019724813;0.0017325039537755093;0.00901137740703856;0.015837623794844297;0.017980206801160487
-0.008097530817275737;0.005563975355111138;-0.00548549393032749;0.007025603113409931;0.010669060491759558;0.01115649626877932;0.05890401044383007;-0.012422417929205164;-0.003597185060511013;-0.0028181013025444183
-0.009499784996858487;0.007198576125102692;-0.0016853468605894741;0.0011320294340739982;-0.003939844531064755;-0.010284109583632794;0.004355538096209922;0.007239000265347857;0.0044146646355552295;-0.004741656945433918
-0.004454095199022757;-0.0016276669921500657;-0.017171232677463597;-0.005915194330148538;0.010081389305370742;-0.012431560937327297;-0.005054794063502594;-0.0031212758421678794;0.011475939695662846;0.000275852820123067
-0.02049065403062267;0.0034530347580677386;0.010732804919021918;-0.0033237318710141513;-0.004159087876351395;0.010465236062207084;-0.01295579988437545;0.013362518221910792;0.0035854298066804392;-0.0016624122028076704
0.0018686518135927368;0.010342517979448206;-0.005862307253358096;-0.0068585995296172346;0.01048096524102849;-0.005796434652941785;0.00906326441625433;0.0038914124549331163;-0.0022862710123862013;-0.00398509690573832
-0.011393259993642157;-0.00570201511188858;-0.0030146651542135162;0.01578263739674169;-9.175713831642184e-05;0.0050942844863435845;0.005121101961589188;-0.007190474218976266;0.004975646003414696;-0.0068792094395328535
0.0015676860335821499;-0.004154139968103456;0.00702428718997441;0.0015200670474411534;-0.0016474568515403032;-0.008101987222782736;-0.0166777008739664;9.3185218119406e-05;0.004621486964826004;0.008742830457212789
0.011435739542033653;0.01715092203006408;0.0002027272712840813;0.01037529762462658;-0.00011748990992726277;-0.006363062178453306;0.0008115543663073506;0.004608903852519542;-9.705406682600679e-05;0.0016244767301394933
0.010122400397088081;0.004293336708945445;-0.001641978725919031;0.011395052752475704;-0.007598849410008706;0.0005154582719820391;0.020555213584357978;0.0027463642025715752;0.0063359733750020806;-0.010250313758169977
0.005319030285850042;-0.0073752108303913235;-0.005898772184917429;0.006611328095153683;-0.006204518885790752;-0.0005103912921426233;-0.010623096833977873;-0.013199103516001731;-0.004466220762790959;-0.008329192943491836
0.008494412377172173;-0.0012716655285002817;-0.006065706470612146;0.0;-0.09568749882346492;0.004634419909008846;-0.0013999736572428512;-0.014574660566867164;-0.004199968937554393;0.005851141001268641
-0.0043462932897287915;-0.0026708471945177882;0.028368760765535298;0.006059523852208187;-0.010178794239138209;0.005309264411026413;-0.008097659842827731;0.0036630721070103054;0.005097287773693554;0.008466559983155177
-0.009021100689719737;0.0009607540187198136;0.008680098734134953;0.0;-0.004446171210773838;0.005627680176303967;0.0;-0.004427320436281948;-0.004441032246896865;-0.006026780743953319
0.001898037220651106;-0.0009346230443617143;-0.007393195581349394;0.0;-0.006570358499758493;0.00192630955302757;0.006854319748385613;0.012404714215260433;-0.0005042720517244496;0.0004438988485599841
0.024581837381791486;-0.013538103012013126;0.012857205951829636;0.0036747787248714945;-0.00020782815696638034;0.000538151959919817;-0.01507726600016592;-0.009544601503896997;-0.004439696673163289;-0.003474171457345727
-0.014486716867255884;0.0011646436089456623;-0.005053757049968209;-0.000993310606531872;0.0050592964023699625;-0.0085583155097251;-0.003944096972544997;-0.0010497984782962555;-0.007701963351262367;-0.00658917301783117
-0.006612552396071749;-0.006907528797536203;0.009604042892633382;0.0024710225236530365;0.010072943979174478;0.010113590888608307;0.011105411133544414;-0.0028299471190912106;0.0005631296376213363;-0.001004456218975388
-0.0005137217549956194;0.00047574466378320294;-0.007786115263799839;-0.004744120504846059;0.004229039736194908;0.002468557034103859;-0.0010451329797988376;0.008465294822922045;0.005400231308951724;-0.0004892503576668298
0.004414308354285152;9.900296950308016e-05;0.013363044943402534;0.006551193521326002;0.011532080753140314;0.01430719317381312;0.0009467224025673588;0.010165151629012692;0.006224456516369741;-7.587807692915817e-05
0.009031500574680261;-0.0002598033154450032;-0.021813218973921553;0.007219062808768051;-0.0004680541332164053;-0.0004055395236709345;0.0030417520503319933;0.00471654433979818;-0.00040896757512492977;0.004734327160969026
0.0015236786889624562;-0.005107279500549066;0.030638037877008157;0.004330779457803837;-0.016722981967943473;-0.00809503144463298;0.02274019583639401;-0.0014827593446423994;0.009480760850600513;-0.02625016548805893
-0.009067599089246514;0.0;-0.027877762766860548;-0.004666072353789798;-0.00442653507515373;0.005336952333929738;0.0072977135657641065;-0.00100874649798419;0.00366104884648828;0.008416076122750924
0.00020255334933926477;-0.005054405725195379;-0.006551716560045257;-0.013247501534724352;-0.01997005862943903;0.02616900093782321;0.028290774209990724;0.00381094967770833;-0.005903203340868872;0.015803559551202065
0.008002290254508233;0.01679723144096059;-0.0018723753585107006;0.003281962117338321;0.010249351896055617;-0.003911424168260923;-0.01826807396233073;0.005742231156869257;-0.004938851992018735;-0.009119749845339687
-0.001863175866942902;-0.005679348237530332;0.01646313521644997;-0.001871634598054625;0.007967175837741;0.005966934695435938;0.0;0.005522368851767941;-0.005938743264803988;0.004654925698084332
-0.006671211814012427;0.009693425875052366;0.007024401084748154;0.0036841481717066853;0.018358513675688443;0.05652990436015889;-0.006429461760445524;0.004624300584674575;-0.0031183962689175777;0.003938440711485295
-0.007659809247039739;-0.01658614051181777;-0.0036677911674469904;0.03077501203884229;0.009060694192293906;0.0014149219893187152;0.015602472368569494;0.011189335740729391;0.013151205456447273;-0.0071976743517143445
-0.015742162532097814;-0.003377053752036156;-0.004450591829222404;0.0;0.011473039730797099;0.00088372337100135;0.00380260565159075;-0.005064416624634353;0.0021823164026696868;-0.00040969107680452905
-0.002691599802462286;0.003303527990213049;-0.004251048961733447;0.009030126505810313;0.00473488957053647;0.013382346410897281;-0.0020827803424584767;0.002849600008055358;-0.009501277457646187;0.009310052887591668
-0.005588984258737164;0.005073865387517302;7.410852655163978e-05;0.0016440091973053599;0.00020258053675179582;-0.006977789152053789;0.004212759355408285;0.01242325199716772;0.024998662702428377;0.0
-0.008080733219499455;-0.0071215454528622355;0.0050354044000452645;0.013051205474198515;-0.0036350024319876982;0.009983160436474169;0.010746116186443817;0.0010106115059234598;0.00884306109518644;0.0066916489276669395
-0.005134817056780531;0.0005604869990232389;-0.01052562311384161;-0.01457313292364585;0.006860244343231377;-0.0033928106397506704;0.00584461542816775;0.00951111691584296;0.00511142182341918;-0.001641566222908757
0.02454406717794679;-0.004586053718531477;0.0009279377878795012;0.004977292559451465;0.0;-0.006664768410602374;0.05852753493991691;0.008615942996251711;-0.005097159050078207;0.010062321742032004
-0.010845907652318234;-0.02849375470533299;-0.0008534434660268569;-0.004606461591694781;0.004970443802330998;0.0032462168242928554;-0.005106518434835389;0.014050699025872594;0.00543509772088487;-0.012866118774155213
0.0011670036717097146;-0.002082398073011294;-0.01107569252761867;-0.0010609065081224724;-0.0010040433980314668;-0.004618220945373009;-0.00018862502989700815;-0.0018942326006950627;-0.00949849035374893;0.008649349755156346
0.05927721453765511;0.006030728868792177;0.013103826324100919;-9.32632886632706e-05;-0.0008245277356666835;0.0035947294747654037;0.05993435630233271;0.019276150588592965;0.0060272720782209846;0.005734376477967947
-0.00900915103030419;0.012154800977069866;-0.0026882172893960936;0.005110289171277993;0.0031473194474849133;0.006388389637793796;-0.0008988166252394106;0.0050805122656196675;-0.007881571923734948;0.0125386763101956
0.028114245984461182;-0.011179613502677363;-0.0032345779119621575;-0.0046758831020642915;0.005408164797764812;0.015830185491115104;-0.011033739512177019;-0.007830694926894232;0.010765338462769421;-0.004445791548093109
-0.012397975476021136;0.0008108556176623635;0.005313595266140587;0.03899495375981755;0.010242372302048407;-0.005222602940756629;0.007964631631310433;-0.005758117206963556;-0.009507273773867989;-0.025529625033088647
-9.177611587088011e-05;0.007348693612337086;-0.03753578923496039;-0.0065946564322806765;0.004717481513415959;-0.01961872419420451;-0.010708319564174795;-0.008566035331920565;-6.668928515600212e-05;0.008813956717649087
-0.007300623863548988;0.015197613797783218;0.008634306598206642;0.009017344208105859;-0.01024982098020919;0.0028352046319394543;-0.0031646638704422914;-0.0016313607205656973;0.0035453793978819917;0.0008267618316721043
-0.00200351744004569;0.0;-0.00556337784460765;0.004698087167061949;-0.00505349194039655;0.007009661182561329;-0.0063966331404697865;0.0008392163968152555;0.016718083763856265;0.0015037813305842892
0.008589966500157715;0.0070289276595570755;0.0005609953372803059;-0.009393255654126097;-0.001210072232999798;-0.0033772853570932892;0.011994774266718786;-0.0028076161486449034;-0.007776226198134841;0.012433066515774251
-0.0014978219205353427;-0.010980899758472976;-0.00907803161874133;-0.0019520605679639003;0.006275435578894556;-0.006798230037794026;0.012095984557900261;0.0062254978475914415;0.01544727791744206;0.001587040378331432
-0.00422294738640203;-0.0002869569817352269;-0.005978766729214344;0.0;0.013461320672672535;0.002651469762798633;-0.00911169955411104;9.87180871677872e-05;0.012655909014907814;-0.007598931087825261
0.01239932940784621;-0.012606320908889542;0.0044150509943025945;-0.0042070950820751;0.0032952943394209708;0.006903082441466863;-0.00824851667768133;-0.0052230831045390995;-0.09806365929862983;-0.009500736042238743
-0.009507124022290526;-0.005898082533596996;0.006267375030482026;-0.0008163795985235552;-0.018400752343785583;0.006702862933495306;0.004893954585319936;0.011990552039174995;-0.00416617671645096;-0.001954587717389753
-0.0010031656454108607;-0.0010668430257856935;-0.004468166881990263;0.0010180169851549082;-0.0009071298336843136;9.336119355927014e-05;-0.0009527252273453711;-0.008092042284245168;0.01812535272645292;-0.006398283242785683
0.010550753578751376;-0.00678394920300968;0.006035414892636263;-0.0009253064203893383;-0.001858184027819726;-0.00034892506725329184;0.009378517735912128;-0.007898348469578199;-0.006436638584185572;-0.009610082842909247
0.015221950371468045;0.00581210736732158;0.01356007647991394;-0.0017785999219634275;-0.009574433637559339;-0.003360590843075335;-0.005719766405003128;0.001530380999140474;-0.005907703483322681;0.012282670318703831
-0.0024025033925384985;0.00911316663057132;0.011814758928478448;-0.001398590357051744;-0.016565779572562382;0.0008220153578718504;-0.011462842156385584;-0.010256917383881762;-0.007069041625546164;0.0160187267657798
-0.007318223016072491;0.006882953962031009;-0.003968758967999702;0.004734561013216099;-0.018002960798646456;-9.2441026740068e-05;-0.010995118370214779;-0.009563131918085884;0.008078263494724378;0.0
-0.0010137818437039436;0.0012978587108848016;-0.006857792358697305;0.015261032251568975;0.0028140045893536203;-0.0014301255260055325;-0.005761738135366081;0.0021715125729813503;-0.001978989561147274;0.002119002127225351
0.004571113671127774;0.01578406560922745;0.0;0.00019344612905639885;0.0030421692658348038;-0.009245571603059872;0.004737915722048539;0.011753661912339217;-0.004447084194280313;0.00041707240163984383
0.013181531712519658;-0.0062781275129128655;0.015792168473319535;0.0024548851718190234;0.000820119913466972;0.005846518444558032;-0.006930024849822878;-0.016614231850092073;0.009018971491259258;-0.009035958863742984
-0.014023686718832426;-0.001091283062013946;-0.0065689517667058776;6.895226578117875e-06;-0.011175778203778219;0.011636080779328867;-0.01340572586280521;-0.008229646734754733;0.000939919156339552;0.00034070244539739666
-0.026024539660977307;0.0;-0.0033756452117253374;0.006608063936702039;0.007667102372723877;-9.176149593961592e-05;-0.006233202440705329;-0.02187097015763718;-0.004454799472947149;0.0
-0.0005105231162717872;-0.0024778682355825845;0.01078004975011542;0.011168723344873784;0.010635289164214507;0.0023302741260362077;0.04712982258183367;-0.0037467986279110955;0.008379104322021927;0.0
0.0;-0.003942036791224589;-0.0029527644526942576;-0.004886570264979476;-0.0010001128807226598;-0.006418900058640315;-0.10511996944524751;-0.003378718049199773;0.010655836662078163;-0.014039510205444559
0.00867858034250702;0.0004671054309667294;0.002236860250372247;0.003977070598494342;-0.0036485744796444803;0.003998850011346847;0.005127504825946094;-0.0009393215889708535;0.013585199337455783;-0.004212655503273635
0.001472401924253789;0.006851404343751069;-0.0069207227653181064;-0.004879263059913675;-0.002828544681101234;-0.004231046384089835;0.0;-0.005112853385513119;-0.016722875546570624;0.01142910352448155
-0.009902532704978357;0.03779194173936248;0.00797971495267167;-0.008925882237444694;-0.004247230309348614;-0.0066744849117667876;-0.019406870617273208;-0.010167206089783571;0.010232599230902374;0.005083689406294921
-0.0016386043752231252;0.008712568770842954;0.004571309143665161;0.011382986375172155;0.0157886927484528;0.0008115923334775611;-0.001911895591571648;-0.00939949239412776;-0.015329917221335723;-0.012155602569209849
0.0026554858585393065;0.005955453017322796;0.004701176428514236;0.022983830640750682;-0.02742215696935166;-0.007113780239486436;0.003813148857542848;-0.00566250722470147;0.005290335013347625;0.03072296282171887
0.005548526368816578;0.0014953412881135249;0.011548995658589953;0.0053746605691504445;-0.015588426697517456;0.004722751760569066;0.027626873568909388;0.0;-0.011174638084802761;-0.005152393815810287
-0.006897246959379415;0.003772140834470558;0.0014510110846898757;-0.027293917225875892;-0.010875797975172305;0.0064514548841964475;0.004902498661399574;0.009122426201919784;-0.01459068743763292;0.009800240446454148
0.01800397525627122;-0.00021176242924052496;0.017951198440484747;-0.00692940181143405;-0.010963396248712098;0.012834612736706339;0.006093910990081338;0.030881240515277898;-0.005974805560932171;-0.007380756853099359
-0.007208199586686897;0.006853506838990933;-0.0011307160886619644;0.010660882881156604;-0.004347815785216998;0.007245138178185735;0.002737637761406632;0.01660470097044613;0.010198211986174004;0.0031927071174114633
0.047814702474979896;-0.00408809392345438;-0.009686182561533805;0.0;-0.00015118082475127555;0.006731835697686767;0.002667008741089309;0.015799534477634925;-0.013128294541235673;0.01951700268135976
-0.0051262768752796785;-0.014499517679988609;-0.005748664520663773;-0.006609374757334793;-0.016595124012475173;0.0245062477542897;0.002618641856248182;0.006273336091272317;-0.007078685619176411;-0.014551532932387323
0.00852481747022224;-0.014870042086380505;0.023195287257742572;0.013152384851524148;0.01527174280449906;0.002464328550791226;-0.0016337675249662022;-0.006224393394101965;0.0040379923654238845;-0.0010041644268057716
-0.10372313751048508;0.008613726061510956;0.010743858394420581;-0.00809440670355848;0.008808436519188504;0.018271748846337012;-0.009540392712268359;-9.976601236970377e-05;-0.01672311729776176;-0.006836042575888317
0.006706776430541252;0.0008438618484816504;-0.018549574476934706;0.013578054816444684;-0.0023611347375602355;-0.008210131028298505;-0.020159717105241306;-0.02729386603591825;0.04849393942847854;0.009228950983951172
-0.010021638107119016;0.019777143105849306;-0.006382428731420902;0.0033864743917607783;0.0;0.002853895175747249;0.005098236920110492;-0.0031223783354611787;0.0010792958031014342;-0.0010998992663342256
-0.0024737328817030285;0.0009364374222121445;0.004852229376966698;0.004082612876384151;-0.0072374500741345;0.010035217906721012;0.011156890178930332;-0.0036571084487411307;-0.00960532905441178;0.002846815661402991
-9.401492474551222e-05;-0.007894849843827318;0.0013753626635117815;-0.014003638472475623;-0.006858684586443743;-0.004611077686141651;0.0;0.015224430279986498;-0.001068713633441008;-0.00046250377032505793
-0.004500985880994372;0.013167376133974753;0.0009586357896160375;-0.034591573457717455;-0.008992833811744988;-0.0019999162659696933;0.005073675780169172;-0.009500004843206206;0.0059757695717043;-0.0200791925901939
-0.0028462467997280565;0.0;-0.00466706626305033;0.007266917988544156;0.003920082669364232;-0.006480388367753496;0.0072599840328694465;0.0028382929254079396;0.004742165387251636;0.010866731356764286
-0.0018070512782269639;0.0017314487671214061;-0.012680523076626978;0.0609678831053442;0.01287976132194033;0.011741169264188847;0.0;0.018344497497933824;-0.009507529602297655;-0.01668574861140936
-0.014021770181114323;-0.00515694571527025;0.00024513104449410105;0.047885717072338914;-0.0019473217878592517;0.011560707740190072;-0.009171346170551294;0.004742114191821947;0.0037737415218505057;0.0008512326000941728
-0.008560663137096799;0.0009813371774923406;-0.0010184337384084269;0.002386881221012261;0.01806319838604557;-0.0010181281243307552;-0.0015150465171755241;0.012536171241781233;0.000924774775599951;0.00884367436588709
-0.018547365534898358;0.00902568093873193;0.0045687403883970966;0.03831489007350132;-0.0028970461778134995;0.0;0.006286075454706636;-0.006274223848092538;0.0010031849806363153;-0.0031218579265302583
0.005353840002518439;0.006917529284099852;0.0;-0.004117008941413465;0.007292876614643733;-0.011176659544003518;0.008263732439990977;-0.009082110783479085;0.0008192657100225605;-0.01022193358636927
-0.006427974210358368;0.008968133601665701;-0.01117709080844353;-0.013691449209395832;-0.013532782582504479;0.011585215505432137;0.024695419516118616;-0.007250680867498706;0.007101361759198771;0.010247838946873294
-0.0034126908564745466;0.004729232594590809;-0.02006033418105196;-0.005106517102449694;0.0026623892326899158;-0.006568197419261796;-0.003670244491506489;0.005286598651113001;-0.028062022190461396;-0.006228672502461137
0.0008108171296442605;-0.004843924129895938;0.0053032658860800806;0.008267646331954;0.02690021899216433;-0.01243521008291081;-0.019935070312190106;-0.0033858438169745183;0.0005318433235480794;-0.01579753264731476
-0.0039819387318883225;-0.0018073686609361434;0.010723496805291275;-0.004588108634647202;0.011066132340745514;0.015338440985536453;-0.004109732175160783;0.0008326548300291198;-0.00018190177347584893;0.003019460664701989
-0.020129117522218194;-0.011302373106190974;0.028115407186573186;0.0;0.008529594192061127;-0.006858307022477187;0.0010713179963296286;0.008022052876400485;-0.010008610154532247;0.004742322595446638
0.004715173906493929;-0.006408353817821521;-0.017636697778953162;0.006564854148825754;-0.004875367158876813;0.005650929633722452;-0.0032265825266950317;0.0013727099549428869;-0.016665628408938277;-0.007946966861739558
0.006716634341322801;0.01173540343595695;0.008665875726329642;-0.0028345221987464957;-0.007232802176259625;-0.018894089514538238;-0.0042160186593981075;-0.007874493163948733;0.0077437028546106495;0.011509412441392728
0.0002109911096137399;0.003040394753286571;-0.001653562649528753;0.011374130723649937;0.003249924250115017;0.0059827502843082265;0.008608027185526257;-0.020045255249649157;-0.005057380606715764;0.047797342567223726
-0.002014735147854122;0.0;-0.004569184773819305;-0.002476359750221261;-0.008303908848118028;0.010249924770878485;-0.018625259639843482;-0.012542119364077786;0.004414850630849211;-0.007872922940298272
-0.004677740029130898;-0.003422545907063234;0.030743343827727768;-0.005056019933238051;-0.011002459956738079;0.0076490130436175545;-0.0067351898076991245;-0.009159550630064859;-0.014841781833106285;-0.0004745311795782762
-0.010296343742552852;-0.010295640786690704;0.010769522098179562;-0.0024805369442091577;-0.009109858101348898;0.009646117844108135;0.00245039200813909;0.006877192257680726;-0.007160867983445399;-0.023223375116921165
-0.0010183839472648593;0.008654448592013237;0.036909546838484776;-0.0046215473166484325;-0.007906919209736933;-0.00685803447930109;0.0036368911965069827;0.004415228154629972;-0.027294205753657166;-0.009019449002863061
-0.00018306866509310067;-0.003941748809487969;-0.0041648876089981504;0.005049522490365948;-0.007261593922853122;0.0019922791531510843;-0.005787273262095894;0.0021911100151363;-0.0001914513008270909;0.0065979419489814815
-0.003601192739181158;-0.0062871714438851355;-0.004449736972935868;-3.0206268311394287e-05;-0.04192387346716548;0.0036843133230422733;-0.00956903772721898;-0.003408505929875433;-0.01858180992754056;0.002457448640196517
0.013920403454991884;0.00013191399663763637;0.017275632730042016;-0.003670585015714395;-0.010538106773965173;0.006012366212167523;0.05965898095280086;-0.006671474454101628;-0.006341221227553709;0.0
-0.00487008989104785;0.002651373719083467;-0.0021255503509164473;-0.10541640302859191;-0.0039421158125058624;0.0002025244367581355;-0.0007513616611236147;-0.003217630321118127;0.007608691677271858;0.0010620459229112103
-0.0005427692708623008;-0.007174060230210153;-0.014752149657047646;0.006514749180794688;-0.010118009582985591;-0.0007471417045099468;-0.004816594743049326;-0.0031484724194366888;0.010464291480950405;0.005573083852739809
0.003595766645984484;-0.0013772969029148684;0.007722016309586452;-0.0006014479810654684;0.0005073475275025206;0.0008377116985529107;0.0;0.012851754797946861;0.002578588352376082;0.011560728657100044
0.014342833164129156;-0.007945031471526047;0.0049763225326134525;-0.008536011392900139;-0.015164816146093331;0.005377227655640258;-0.0010073469394968454;0.0015323269909041433;-0.0009163395448914835;0.02739241714237772
0.0;0.006855578598004945;0.007640089670269047;-0.005108321501872592;-0.005362657035899957;0.013532167746778461;0.011867921997105634;0.003605109130896491;-0.006117262259704544;-0.005963603477757957
-0.002062880187821611;0.0032417805613641952;-0.015495817930184445;-0.014919987705820441;-0.013576240095586015;-0.0008543581612445533;0.005603270047768579;-0.004562375404305756;-0.012620579676793238;0.004795424165043042
0.011935390284717608;-0.005110928578213276;0.0052052415668983045;-0.01285458472736167;-0.003986183141799854;-0.002677336993214221;0.012432890962122927;-0.00020835168445111524;0.005953758344526658;0.005106092471027624
0.007298155720145357;-0.007719331500057698;0.0;0.0015535747879659005;-0.00922716395756636;0.0102414262407346;0.010574754120874252;-0.009973153104878658;-0.0015692882909261413;0.005564924396136609
0.0569253170592459;0.0036020848043625594;-0.006426842060862481;0.0026543004207707096;0.004570450418832078;-0.014054964141132437;-0.005479391098868708;-0.006277111206732765;-0.002011080142607696;0.01595038686599597
0.007292232000787073;0.033984029683774834;0.007062124384187315;-0.0015704230289494655;-0.010121779195032451;0.0009142395712872785;0.009086551976093258;0.0006962175583276555;0.027922240276676984;-0.006857599495091214
-0.02095114002024526;0.0;-0.003944339974835558;0.008679028652853906;-0.015767614915326692;0.012654353919499834;-0.005378195256727725;-0.006277756614063193;0.029620199919493172;0.0005269069706308895
0.009035782075934225;0.006701328470722792;0.010690142802608176;0.027157721921095366;0.0011215006653830218;0.004740966109648191;0.007297426734484507;0.0033730626488055323;-0.0026824732952531825;0.02474852258422311
0.013039798570822457;-0.0019463873966977644;-0.011697285056739462;0.003811205570470732;-0.012924875080688795;-0.006926228602393822;-0.003972761996083939;-0.005040649039897468;0.00020218243371433018;0.007896339851058316
0.00909351049108742;0.004415003014253786;0.010690958843363062;-0.0058984960624690105;0.012865299512372346;-0.013134938564059253;0.003972023386188982;-0.027293834387091206;-0.00030313174564469366;0.007968811228098196
0.007001893621534706;-0.016551916704674853;0.007217397229842186;0.0;-0.008163887463016961;0.006030946009142944;0.0005026950407133608;-9.39149643981169e-05;0.013362871277206777;-0.005706261387977086
0.03031192473527963;-0.00276009317949074;-0.03431570664533873;-0.009123168942426275;-0.0010160577299524892;0.0;-0.012802560638563248;-0.010862235406443859;-0.0001499068486561073;0.00911151100242823
-0.006021639816572568;-0.016722290527731033;0.01235768438127719;-0.00773584111242063;-0.00423674600774848;0.018730204164458038;-0.00040823333188250567;-0.012254418792615017;0.010707133190001545;0.006308397401762503
0.0008107908692658593;-0.004604294199485284;-0.01447510568337544;0.002207768742512422;-0.013996563415450617;0.013362210964041043;-0.0034722865963938234;0.02745937752803227;0.02455736801686285;0.0
-0.030699716670743157;-0.014136734045784995;0.011543882749502273;0.0018442855476019124;0.029915516064610403;0.027124295056709956;0.006366549199222305;-0.009354837954580482;-0.022253817961988248;-0.0036487697837160136
-0.016719102670642846;-0.011214017897755186;0.010675224769964357;-0.02734633416746993;-0.029423058201037525;0.029095249198162063;0.0;-0.004157422694554298;-0.003304849199633444;-9.922342885167571e-05
-0.01671619747059124;0.0004515322236773279;-9.274649396392385e-05;0.007827056564907564;-0.0053721388317922985;-0.007021458487699148;-0.014041079030615074;0.016770101160107884;-0.01132443983731934;-0.003987316193044038
-0.006412619238059016;-0.006090007497796552;0.0004754527758276908;0.008056936107719322;0.010693738996458254;0.011293662798878975;0.014911996611883827;0.00698697352530999;0.006078209434807987;0.022133540865698912
0.003008753353605488;0.02299686663217526;0.00632412170843678;0.00910235864690035;0.004017153459355505;0.0021993984069027107;-0.004421766868458577;0.01222499098608139;-0.0004055412424791592;0.007869104711873137
0.0127513616147616;0.015804636314835075;0.003935194903665863;-0.006843519819510077;0.0029389989195482916;-0.007275595271562605;0.005548800246395907;0.008495305151131088;0.005004178499314641;-0.0002136693818633475
-0.005041768319786226;-0.0018044595670308997;0.007683277235197255;0.006022316625510163;0.009192476692422022;0.0008682682823428086;0.013432929253391488;-0.0018452708786393152;0.004724155408014212;0.00020269857227359512
0.0;-0.009003027503587467;-0.00450372609503924;0.01579421034282724;-0.013513698395807796;0.004979988441975555;0.004130690266396682;-0.012909693904609618;-0.006656961494081938;-0.008628643263991504
-0.010240729049311207;0.0034897862615148024;-0.004805159925830519;-0.02734130125101191;0.014167296751029807;0.0060276938823673664;-0.006386796494195124;0.003811370769866645;0.00574306829528519;-0.020143533312553297
0.0015315324065083634;0.004708406314710639;0.0048103922964116;0.0004511791175014383;-0.004361856269993107;0.018938831277406164;0.012961928382365937;0.003588609167011683;0.004903171104461886;0.008381956988456563
0.0;0.004715730689431484;0.004142908241583712;-0.005099619104480414;0.00543166304438496;-0.009493781770677995;0.00015771393179180422;0.012902076704807731;0.0176493027893015;-0.026094304815556867
-0.000508419690585859;-0.0008995460094511536;0.0;-0.035995619977634986;-0.009638654142699977;0.010175825370941145;-0.011164077385064261;-0.005387306664507989;-0.01653197816504967;-0.005093477962898803
0.0030456430015019013;0.0032543589166909516;0.0027483155928829214;0.00668232607111441;0.004110215158630455;-0.005111238452454109;-0.025330373621758974;-0.0002835562248207028;0.012227258613545715;0.005069782322695014
-0.005937727378994824;-0.006269605808462473;0.0008608764414653987;0.0008947139792100508;0.030730617097464507;-0.012810504262947355;-0.001993309766476226;0.0009333922559941482;0.005929015191811932;0.0008201871454656353
-0.014044249625130375;0.004806761461146479;0.011511290596653321;-0.015164784636786232;-0.0013987782308477594;-0.00010528706109998668;-0.004873073441708994;0.0012415557258746912;0.0;-0.00683220949537319
-0.013540147920787279;0.013558249727754827;0.008802032521850765;-0.010895244039561344;-0.0095064984543487;-0.005249682612197652;0.014002333978227283;0.015781702185442316;-0.006422707054640778;-0.014562493489897127
-0.004595172314537884;0.007723392924031421;-0.014894497159109794;0.012553275249111796;0.010550527459641565;0.00949034790820171;-0.0005039358034553098;0.004969698187849418;0.0061040972838172485;-0.024713237289009607
0.013362754891932253;0.0069920951818451815;0.007646269002864479;0.005203189773440546;0.005366826582195401;-0.001404643184975799;-0.01343291113604633;-0.011183491077106648;-0.0035555358918986793;-0.010217826979835351
-0.008156116358971477;-0.0035080430232695644;0.009264570079778343;0.02889427705114903;-0.021100447022061777;-0.0014046661022137337;-0.005056127699361162;-0.0018276089782801284;-0.0001929659551747724;-0.004449108248642487
0.003813574485035558;0.0038127004395948918;-0.01667069279188647;0.010671799192740451;-0.012654476299186522;0.00045094906047046703;-0.007192003159685025;0.006379486357693029;-0.006525680131309119;0.014264798811110143
0.0005234730052672965;0.010647683724314544;0.006856984090141855;0.003626841987722445;0.059932804194719705;0.001775027917037521;0.01272347116915712;0.0;0.013038211788177921;0.008152247573788603
-0.00474607779405179;-0.0020014474980147674;0.0;0.005119344711781825;-0.005758513852802076;0.009571367399561997;-0.006005095284748639;-0.0016608611506247302;0.010476109538191959;-0.010161810182379726
-0.021258461090203674;-0.002165304301412373;0.0048831341562021215;9.638692921420944e-05;-0.0011027390963182278;0.005018952228715083;0.02537380316776853;-0.03907209362510214;0.0019248434035040683;0.00457150997865325
0.005300087820250505;-0.006223303656622927;0.008600465573377456;-0.0008243288632315694;0.00925719950227785;-0.03861316016341885;0.005111816191383096;0.007721906128301085;0.016850452754237508;0.0
0.006223654548662878;-0.007245499603837706;0.0005375535707993376;0.01714575638045261;0.00699317723686093;0.025040306729108928;0.006304927669010905;-0.026581357333993878;0.0011024205608806312;0.0
0.013264148375925036;-0.003149659051793481;0.0047110531348783825;0.005580432326930998;-0.005654684972336011;0.0015792700295470215;-0.01242969922210085;0.0046111578904573965;0.012811297969780934;0.004911724059331881
0.002652342699906536;-0.009227641578580524;-0.0016317322596683171;-0.002021101425185172;0.0027809555613920313;0.0023000193572037205;-0.0004706689476993324;-0.006678111776859689;0.0009248206061400349;0.006564491491780324
0.0;-0.0020559015320446676;0.007411584884817554;-0.00932972463299935;-0.006367828179770047;-0.00099418732958859;-0.0010615741027024334;-0.0020073495991525005;-0.011268944390576402;0.010097882513253782
-0.007732479902617846;0.028106110561857477;0.0;-0.0009955538528012894;0.001933348348899397;0.010089974331830698;0.0014575734648575045;-0.010259453398666695;-0.002935992257186885;0.005096811916937272
-0.0030573354580282408;0.001480125630292774;0.0028523842993672674;-0.006203928097469284;0.027083973076010997;0.00791784669724725;0.0033097845371197693;-0.004445708398228842;0.007611534290897773;0.0009258453608099192
0.003551377443047321;0.0020850773716300716;0.0026762077574467814;0.010195638526443451;-0.001986066270218135;-0.007271179071317319;0.00265169162589589;0.01023886303387702;0.02516988666405495;-0.004424512128963652
0.017951356549083194;0.0026270665573470873;-0.007725284292119281;0.005997027401724584;-0.006857434758689117;-0.007965100458844507;0.004569949446936171;-0.010217141522689625;-0.026896222492422066;-0.0016352300153921716
-0.0008169474616984599;-0.0009909568326174907;0.01842392376288004;-0.0016353767009320492;-0.016696648297452234;-0.008360977335246237;-0.0387094494745059;0.007953538499841371;0.005957619734512381;0.0009792458106011367
-0.0045667966781201795;0.0004503634218514295;-0.01275207238585809;0.000811251405491783;-0.0011162403952842612;-0.010198727145391728;0.010097567816044258;0.00471756234170423;0.0009471323159545796;-0.012770218145694626
0.004992121216954779;-0.003392400065325139;0.003936280276599517;0.015109087092238403;0.005926475155234493;0.003431465385010713;-0.00417367276279714;-0.0018998506370476148;0.012412211059309113;0.0005494156440525903
0.010669250780672237;-0.006817683338903728;-0.010971471783072997;0.0026230863543450617;-0.00010625075531799338;-0.00809729512079454;0.005375259885325879;0.03069528063082846;0.00022660867003130103;0.008992368954482455
-0.005166569544779355;0.04776609368562278;-0.028586853263474606;-0.006920467100022615;0.013234102584358864;-0.009019458702510651;0.002748102741547895;0.003573090902243084;-0.020072799311195464;0.00462219471805184
-0.003198553110064742;0.004372956395991935;0.008679119658449926;0.002464861298522419;-0.009655978963861663;-0.008129226563038872;0.008666659069723607;-0.03872649696935318;-0.005105532701940776;0.009494778061821902
0.0;0.011547483326164308;0.028046085356809157;-0.0005438046778808647;0.0;-0.00046676903427744017;0.005370951280947387;0.0;0.015323887826045702;0.02468489926222465
0.006662340308030515;-0.0010140856101769253;-0.00039926885079254485;0.005992953523976102;0.005076736396658392;0.006858432070262467;0.007621106002808396;0.00699881577121173;-0.006779578628873672;-0.005139633909481014
-0.006385530752408064;-0.006125549618014358;-0.0027736766860538757;-0.014823795273608473;-0.01113144019130278;-0.004445744800448248;0.04552487234254995;0.0031109126659273545;0.017298409338512278;0.0005171060913932582
-0.0066719865231533665;0.009133213826444466;-0.0024803115032082713;0.0005408118759699752;-0.005935695243942743;-0.0054388649702697715;-0.003432331519659794;0.0076536150688830806;0.0010212298658565952;0.012626465920568559
-0.010162911376595328;-0.014224990577259435;0.012362957878282455;0.0012408340674996043;-0.0005038518380866216;-0.007238917732395467;0.010577167326108531;0.0009287670172948861;-0.003447524432963004;0.012371432185188732
-0.003496563732757061;0.010209312940942414;0.002658298801247585;-0.008370169900876358;0.006713992132678747;0.016585508115631423;-0.029030206119457013;-0.012874258458095249;-0.010244241008828888;-0.010043437250360722
0.007291187595502601;0.0;0.006032540338393599;0.018902622107297023;-0.0024760985419662626;0.0011008667740298578;0.003604345058193851;-0.005851200307874381;-0.0020338388437527877;0.0067099265820021875
-0.00814761017730114;-0.010028340142517007;-0.0010437470457951598;-0.0042639399693217015;0.01675958782265316;0.011706899029333565;-0.005566266704709298;0.03241051819798674;0.02478631274706464;0.002312823514397605
0.0017687764825558663;0.008195901046030931;0.009089743336219628;0.013360309353350192;0.009228959746637328;-0.00028686312794155215;-0.02729381821466245;0.014342740665315417;-0.006020396510531663;-0.018485554575428487
-0.012725659789567736;-0.0035599177446575384;-0.0041749711771716345;0.0016357045987402538;-0.006017744919029532;0.00764518313213469;-0.00394111357158249;0.008440698169897424;-0.0012446834262121672;0.01674803024329176
-0.1004617437208258;-0.01489110185382516;0.00927840285739226;-0.012803467365264975;-0.00942389157887471;-0.0006237401465908709;0.060966061765197054;0.0;-0.0015370305749342582;0.009004058249546342
-0.006668834749203888;0.004742161231636987;-0.001840223375648733;0.0029965765555491995;-0.01834957492916078;-0.007739521645418579;-0.009157502664983051;0.007507713308954661;-0.005378013072250499;0.0004496507505318277
-0.0058949978112457615;0.009122615821565927;0.010199666681732297;0.007921480015987994;-0.0051560993311654865;-0.003940434487854214;0.010357907191885176;-0.0041895436722924;-0.005694473582420571;0.0062247086419405994
-0.10122275581833531;0.010047128325824895;0.007964315741593913;0.0038199133761273327;0.0005391027323810517;0.057597942878568946;-0.0010043129507062243;-0.010266874995645667;0.0005409524579601022;0.006492431815318492
-0.006103000869980679;0.00867982295014343;0.00460598377777142;-0.05475829597916322;-0.01305530539526485;0.005940798381537402;-0.004192435217888881;0.0;0.003572357935174706;0.014258083321999085
-0.008930729221049717;0.013125441340988449;-0.004629608182872014;0.005584597175807101;0.0026887972242759235;-0.00021076608895014703;0.013154653630995843;0.003568159728905286;0.024513676792674372;-0.03060232077288241
0.006328745918028384;-0.008105546823618298;-0.010079790712757433;-0.0004776406205378714;-0.005993166373109954;-0.009091555440597757;0.000775643305239737;-0.006841160834977842;-0.010781365931930837;-0.0031713146433104086
-0.024544420968257652;-0.011178805295854759;0.0021422659765173674;0.004020822337169462;0.0018178374553264012;-0.014780915510572385;0.010288782084039128;0.002709093554023037;0.0;0.0008319092148063975
0.006280060899712098;0.013392811028816906;-0.007119518714164684;-0.009469759604920979;-0.006786377651776357;-0.002014152159491383;-0.010213328870733233;0.003929115990580352;-0.009550884108039646;0.0
0.03945045796174633;0.0066483262919842185;0.011388088539182196;-0.0027524889661717897;-0.004897514725554156;-0.014465341063950107;0.0008352797216918612;0.007503451717252351;0.025088307825837354;0.00960549027325915
-0.020083440565818685;0.03224024171544009;-0.009180459586268914;0.0008113337789886476;0.0009650834146787971;-0.005117013607270795;-0.010257352951002073;0.004329012769856556;-0.009080812194230752;0.016736253461920012
-0.006506437984406698;-0.005498569365143325;0.00497599340359473;-0.00041033430217980737;0.0030114331973806734;0.01067130983312496;0.005724699284195585;-0.001400925422763513;-0.010264970740682274;0.0024680362107558276
0.0024631477730611044;-0.00596451852356309;-0.028908573888973277;-0.004445449789928163;0.048008815945220544;0.019752964069883;0.010308193621146227;0.0009219478200226243;-0.0010039558860223132;-0.005965434834892408
-0.0008488128709568041;0.0002656730273156169;-0.0039495755398792345;0.0028532552262615666;0.0034085382944763825;0.0064270628403251;0.005322928834593759;0.0033305405643820857;0.0022330481082009075;-0.0007843641270659962
-0.0008892760505336951;0.010109026928602745;0.013202905926256272;-0.006853656551474815;0.0056031995466931436;-0.002480469496238149;0.0014794589113750003;0.016738841247736808;-0.009536753738465712;-0.0010180329634869889
0.0;0.003196507740471238;0.004534769141355342;-0.0010205258704241427;-0.0044388222332850105;0.00020270544686285498;-0.00443360048576692;0.007001049490625033;0.0;-0.003438483105368231
-0.004119371763930865;0.0035533270735019352;0.0013520441503436576;0.06078045671049161;0.021139577573031504;-0.005996881973438513;0.003562561286922798;-0.01118398477691098;-0.008995594494462878;0.05543736577119113
-0.005158716604870794;-0.0011594609212045995;0.0016387102483030893;0.0011141712909043284;-0.000995112464682986;-0.029525426824520223;0.013578048671398422;0.0062924025640672294;0.006661272704029381;0.004033711943448361
0.0016539390968979522;0.030240959637843776;-0.005155601587488059;-0.005191952995841567;0.007107835921463382;-0.002358241112394884;0.007648070995686416;-0.01674215289329135;-0.004538560767789195;-0.003672389632419421
-0.0059343344267262866;-0.004446252760476948;-0.0062181554028164;0.013266877513921646;-0.019937407592949628;0.026945568840296415;0.001960320024947377;-0.0051062767488180335;0.003191848532172552;-0.0019640506966641207
0.0008269220615980223;0.004415126395929573;-0.005105501595404822;0.004873244405444071;0.04167150636650197;0.007592622606587876;-0.008922116087911254;0.005408123816555285;-0.006588870015310784;0.004742300664784439
-0.012954981224639438;-0.0014190269211957112;0.00462789179748684;0.002722202821400625;0.0031364399723219517;0.011739906743491367;0.004880918975847522;-0.010478785498614706;-0.002638408156660612;0.002671916910083532
-0.0031531128303828333;0.002049150478418562;-0.00490581110486268;-0.0019338277303830604;0.046834460685677363;0.0017329448862400715;0.007941082876301653;-0.0037283006480484755;0.018245003401520844;-0.006598034552990123
